Title,Price in Pounds,Category
A Light in the Attic,51.77,Poetry
Tipping the Velvet,53.74,Historical Fiction
Soumission,50.1,Fiction
Sharp Objects,47.82,Mystery
Sapiens: A Brief History of Humankind,54.23,History
The Requiem Red,22.65,Young Adult
The Dirty Little Secrets of Getting Your Dream Job,33.34,Business
"The Coming Woman: A Novel Based on the Life of the Infamous Feminist, Victoria Woodhull",17.93,Default
The Boys in the Boat: Nine Americans and Their Epic Quest for Gold at the 1936 Berlin Olympics,22.6,Default
The Black Maria,52.15,Poetry
"Starving Hearts (Triangular Trade Trilogy, #1)",13.99,Default
Shakespeare's Sonnets,20.66,Poetry
Set Me Free,17.46,Young Adult
Scott Pilgrim's Precious Little Life (Scott Pilgrim #1),52.29,Sequential Art
Rip it Up and Start Again,35.02,Music
"Our Band Could Be Your Life: Scenes from the American Indie Underground, 1981-1991",57.25,Music
Olio,23.88,Poetry
Mesaerion: The Best Science Fiction Stories 1800-1849,37.59,Science Fiction
Libertarianism for Beginners,51.33,Politics
It's Only the Himalayas,45.17,Travel
In Her Wake,12.84,Thriller
How Music Works,37.32,Music
"Foolproof Preserving: A Guide to Small Batch Jams, Jellies, Pickles, Condiments, and More: A Foolproof Guide to Making Small Batch Jams, Jellies, Pickles, Condiments, and More",30.52,Food and Drink
Chase Me (Paris Nights #2),25.27,Romance
Black Dust,34.53,Romance
Birdsong: A Story in Pictures,54.64,Childrens
America's Cradle of Quarterbacks: Western Pennsylvania's Football Factory from Johnny Unitas to Joe Montana,22.5,Default
Aladdin and His Wonderful Lamp,53.13,Default
Worlds Elsewhere: Journeys Around Shakespeare’s Globe,40.3,Nonfiction
Wall and Piece,44.18,Art
The Four Agreements: A Practical Guide to Personal Freedom,17.66,Spirituality
The Five Love Languages: How to Express Heartfelt Commitment to Your Mate,31.05,Nonfiction
The Elephant Tree,23.82,Thriller
The Bear and the Piano,36.89,Childrens
Sophie's World,15.94,Philosophy
Penny Maybe,33.29,Default
Maude (1883-1993):She Grew Up with the country,18.02,Default
"In a Dark, Dark Wood",19.63,Mystery
Behind Closed Doors,52.22,Thriller
You can't bury them all: Poems,33.63,Poetry
Slow States of Collapse: Poems,57.31,Poetry
Reasons to Stay Alive,26.41,Nonfiction
Private Paris (Private #10),47.61,Fiction
#HigherSelfie: Wake Up Your Life. Free Your Soul. Find Your Tribe.,23.11,Nonfiction
Without Borders (Wanderlove #1),45.07,New Adult
When We Collided,31.77,Contemporary
"We Love You, Charlie Freeman",50.27,Fiction
Untitled Collection: Sabbath Poems 2014,14.27,Poetry
"Unseen City: The Majesty of Pigeons, the Discreet Charm of Snails & Other Wonders of the Urban Wilderness",44.18,Nonfiction
Unicorn Tracks,18.78,Fantasy
"Unbound: How Eight Technologies Made Us Human, Transformed Society, and Brought Our World to the Brink",25.52,History
Tsubasa: WoRLD CHRoNiCLE 2 (Tsubasa WoRLD CHRoNiCLE #2),16.28,Sequential Art
Throwing Rocks at the Google Bus: How Growth Became the Enemy of Prosperity,31.12,Nonfiction
This One Summer,19.49,Sequential Art
Thirst,17.27,Fiction
The Torch Is Passed: A Harding Family Story,19.09,Add a comment
The Secret of Dreadwillow Carse,56.13,Childrens
"The Pioneer Woman Cooks: Dinnertime: Comfort Classics, Freezer Food, 16-Minute Meals, and Other Delicious Ways to Solve Supper!",56.41,Food and Drink
The Past Never Ends,56.5,Mystery
The Natural History of Us (The Fine Art of Pretending #2),45.22,Young Adult
The Nameless City (The Nameless City #1),38.16,Sequential Art
The Murder That Never Was (Forensic Instincts #5),54.11,Fiction
The Most Perfect Thing: Inside (and Outside) a Bird's Egg,42.96,Science
"The Mindfulness and Acceptance Workbook for Anxiety: A Guide to Breaking Free from Anxiety, Phobias, and Worry Using Acceptance and Commitment Therapy",23.89,Add a comment
The Life-Changing Magic of Tidying Up: The Japanese Art of Decluttering and Organizing,16.77,Nonfiction
"The Inefficiency Assassin: Time Management Tactics for Working Smarter, Not Longer",20.59,Default
The Gutsy Girl: Escapades for Your Life of Epic Adventure,37.13,Nonfiction
The Electric Pencil: Drawings from Inside State Hospital No. 3,56.06,Nonfiction
The Death of Humanity: and the Case for Life,58.11,Philosophy
"The Bulletproof Diet: Lose up to a Pound a Day, Reclaim Energy and Focus, Upgrade Your Life",49.05,Health
The Art Forger,40.76,Add a comment
The Age of Genius: The Seventeenth Century and the Birth of the Modern Mind,19.73,History
The Activist's Tao Te Ching: Ancient Advice for a Modern Revolution,32.24,Spirituality
Spark Joy: An Illustrated Master Class on the Art of Organizing and Tidying Up,41.83,Nonfiction
Soul Reader,39.58,Default
Security,39.25,Horror
"Saga, Volume 6 (Saga (Collected Editions) #6)",25.02,Fantasy
"Saga, Volume 5 (Saga (Collected Editions) #5)",51.04,Sequential Art
Reskilling America: Learning to Labor in the Twenty-First Century,19.83,Nonfiction
"Rat Queens, Vol. 3: Demons (Rat Queens (Collected Editions) #11-15)",50.4,Sequential Art
"Princess Jellyfish 2-in-1 Omnibus, Vol. 01 (Princess Jellyfish 2-in-1 Omnibus #1)",13.61,Sequential Art
Princess Between Worlds (Wide-Awake Princess #5),13.34,Fantasy
"Pop Gun War, Volume 1: Gift",18.97,Sequential Art
"Political Suicide: Missteps, Peccadilloes, Bad Calls, Backroom Hijinx, Sordid Pasts, Rotten Breaks, and Just Plain Dumb Mistakes in the Annals of American Politics",36.28,History
Patience,10.16,Sequential Art
"Outcast, Vol. 1: A Darkness Surrounds Him (Outcast #1)",15.44,Sequential Art
orange: The Complete Collection 1 (orange: The Complete Collection #1),48.41,Sequential Art
Online Marketing for Busy Authors: A Step-By-Step Guide,46.35,Self Help
On a Midnight Clear,14.07,Add a comment
Obsidian (Lux #1),14.86,Young Adult
My Paris Kitchen: Recipes and Stories,33.37,Food and Drink
Masks and Shadows,56.4,Fantasy
"Mama Tried: Traditional Italian Cooking for the Screwed, Crude, Vegan, and Tattooed",14.02,Food and Drink
"Lumberjanes, Vol. 2: Friendship to the Max (Lumberjanes #5-8)",46.91,Sequential Art
"Lumberjanes, Vol. 1: Beware the Kitten Holy (Lumberjanes #1-4)",45.61,Sequential Art
Lumberjanes Vol. 3: A Terrible Plan (Lumberjanes #9-12),19.92,Sequential Art
"Layered: Baking, Building, and Styling Spectacular Cakes",40.11,Food and Drink
Judo: Seven Steps to Black Belt (an Introductory Guide for Beginners),53.9,Add a comment
Join,35.67,Science Fiction
In the Country We Love: My Family Divided,22,Nonfiction
Immunity: How Elie Metchnikoff Changed the Course of Modern Medicine,57.36,Science
"I Hate Fairyland, Vol. 1: Madly Ever After (I Hate Fairyland (Compilations) #1-5)",29.17,Sequential Art
I am a Hero Omnibus Volume 1,54.63,Sequential Art
How to Be Miserable: 40 Strategies You Already Use,46.03,Self Help
Her Backup Boyfriend (The Sorensen Family #1),33.97,Romance
"Giant Days, Vol. 2 (Giant Days #5-8)",22.11,Sequential Art
Forever and Forever: The Courtship of Henry Longfellow and Fanny Appleton,29.69,Historical Fiction
First and First (Five Boroughs #3),15.97,Romance
Fifty Shades Darker (Fifty Shades #2),21.96,Romance
Everydata: The Misinformation Hidden in the Little Data You Consume Every Day,54.35,Nonfiction
"Don't Be a Jerk: And Other Practical Advice from Dogen, Japan's Greatest Zen Master",37.97,Religion
Danganronpa Volume 1,51.99,Sequential Art
Crown of Midnight (Throne of Glass #2),43.29,Fantasy
"Codename Baboushka, Volume 1: The Conclave of Death",36.72,Sequential Art
Camp Midnight,17.08,Sequential Art
Call the Nurse: True Stories of a Country Nurse on a Scottish Isle,29.14,Nonfiction
Burning,28.81,Young Adult
Bossypants,49.46,Default
"Bitch Planet, Vol. 1: Extraordinary Machine (Bitch Planet (Collected Editions))",37.92,Sequential Art
"Avatar: The Last Airbender: Smoke and Shadow, Part 3 (Smoke and Shadow #3)",28.09,Fantasy
Algorithms to Live By: The Computer Science of Human Decisions,30.81,Nonfiction
A World of Flavor: Your Gluten Free Passport,42.95,Default
"A Piece of Sky, a Grain of Rice: A Memoir in Four Meditations",56.76,Default
A Murder in Time,16.64,Mystery
A Flight of Arrows (The Pathfinders #2),55.53,Historical Fiction
A Fierce and Subtle Poison,28.13,Young Adult
A Court of Thorns and Roses (A Court of Thorns and Roses #1),52.37,Fantasy
(Un)Qualified: How God Uses Broken People to Do Big Things,54,Christian
You Are What You Love: The Spiritual Power of Habit,21.87,Religion
"William Shakespeare's Star Wars: Verily, A New Hope (William Shakespeare's Star Wars #4)",43.3,Science Fiction
Tuesday Nights in 1980,21.04,Fiction
Tracing Numbers on a Train,41.6,Default
Throne of Glass (Throne of Glass #1),35.07,Fantasy
Thomas Jefferson and the Tripoli Pirates: The Forgotten War That Changed American History,59.64,History
Thirteen Reasons Why,52.72,Default
The White Cat and the Monk: A Retelling of the Poem “Pangur Bán”,58.08,Childrens
The Wedding Dress,24.12,Romance
The Vacationers,42.15,Fiction
The Third Wave: An Entrepreneur’s Vision of the Future,12.61,Business
The Stranger,17.44,Philosophy
The Shadow Hero (The Shadow Hero),33.14,Sequential Art
The Secret (The Secret #1),27.37,Default
The Regional Office Is Under Attack!,51.36,Fiction
The Psychopath Test: A Journey Through the Madness Industry,36,Default
The Project,10.65,Science Fiction
The Power of Now: A Guide to Spiritual Enlightenment,43.54,Nonfiction
The Omnivore's Dilemma: A Natural History of Four Meals,38.21,Nonfiction
The Nerdy Nummies Cookbook: Sweet Treats for the Geek in All of Us,37.34,Food and Drink
The Murder of Roger Ackroyd (Hercule Poirot #4),44.1,Mystery
The Mistake (Off-Campus #2),43.29,New Adult
The Matchmaker's Playbook (Wingmen Inc. #1),55.85,New Adult
The Love and Lemons Cookbook: An Apple-to-Zucchini Celebration of Impromptu Cooking,37.6,Food and Drink
The Long Shadow of Small Ghosts: Murder and Memory in an American City,10.97,Crime
The Kite Runner,41.82,Default
The House by the Lake,36.95,Historical Fiction
The Glittering Court (The Glittering Court #1),44.28,Fantasy
The Girl on the Train,55.02,Default
The Genius of Birds,17.24,Nonfiction
The Emerald Mystery,23.15,Default
The Cookies & Cups Cookbook: 125+ sweet & savory recipes reminding you to Always Eat Dessert First,41.25,Food and Drink
The Bridge to Consciousness: I'm Writing the Bridge Between Science and Our Old and New Beliefs.,32,Default
The Artist's Way: A Spiritual Path to Higher Creativity,38.49,Nonfiction
The Art of War,33.34,Default
The Argonauts,10.93,Autobiography
The 10% Entrepreneur: Live Your Startup Dream Without Quitting Your Day Job,27.55,Business
Suddenly in Love (Lake Haven #1),55.99,Romance
Something More Than This,16.24,Romance
Soft Apocalypse,26.12,Science Fiction
So You've Been Publicly Shamed,12.23,Nonfiction
Shoe Dog: A Memoir by the Creator of NIKE,23.99,Business
"Shobu Samurai, Project Aryoku (#3)",29.06,Add a comment
Secrets and Lace (Fatal Hearts #1),20.27,Default
Scarlett Epstein Hates It Here,43.55,Young Adult
Romero and Juliet: A Tragic Tale of Love and Zombies,36.94,Default
Redeeming Love,20.47,Christian Fiction
Poses for Artists Volume 1 - Dynamic and Sitting Poses: An Essential Reference for Figure Drawing and the Human Form,41.06,Default
Poems That Make Grown Women Cry,14.19,Poetry
"Nightingale, Sing",38.28,Young Adult
Night Sky with Exit Wounds,41.05,Poetry
Mrs. Houdini,30.25,Historical Fiction
Modern Romance,28.26,Add a comment
Miss Peregrine’s Home for Peculiar Children (Miss Peregrine’s Peculiar Children #1),10.76,Default
Louisa: The Extraordinary Life of Mrs. Adams,16.85,Biography
Little Red,13.47,Childrens
Library of Souls (Miss Peregrine’s Peculiar Children #3),48.56,Young Adult
Large Print Heart of the Pride,19.15,Default
I Had a Nice Time And Other Lies...: How to find love & sh*t like that,57.36,Womens Fiction
Hollow City (Miss Peregrine’s Peculiar Children #2),42.98,Fantasy
Grumbles,22.16,Default
Full Moon over Noah’s Ark: An Odyssey to Mount Ararat and Beyond,49.43,Travel
Frostbite (Vampire Academy #2),29.99,Young Adult
Follow You Home,21.36,Horror
First Steps for New Christians (Print Edition),29,Default
Finders Keepers (Bill Hodges Trilogy #2),53.53,Fiction
"Fables, Vol. 1: Legends in Exile (Fables #1)",41.62,Sequential Art
Eureka Trivia 6.0,54.59,Default
Drive: The Surprising Truth About What Motivates Us,34.95,Default
Done Rubbed Out (Reightman & Bailey #1),37.72,Default
Doing It Over (Most Likely To #1),35.61,Romance
"Deliciously Ella Every Day: Quick and Easy Recipes for Gluten-Free Snacks, Packed Lunches, and Simple Meals",42.16,Food and Drink
Dark Notes,19.19,Erotica
"Daring Greatly: How the Courage to Be Vulnerable Transforms the Way We Live, Love, Parent, and Lead",19.43,Nonfiction
Close to You,49.46,Christian Fiction
Chasing Heaven: What Dying Taught Me About Living,37.8,Spirituality
Big Magic: Creative Living Beyond Fear,30.8,Nonfiction
Becoming Wise: An Inquiry into the Mystery and Art of Living,27.43,Nonfiction
Beauty Restored (Riley Family Legacy Novellas #3),11.11,Default
Batman: The Long Halloween (Batman),36.5,Sequential Art
Batman: The Dark Knight Returns (Batman),15.38,Sequential Art
Ayumi's Violin,15.48,Default
Anonymous,46.82,Default
Amy Meets the Saints and Sages,18.46,Default
Amid the Chaos,36.58,Cultural
Amatus,50.54,Default
Agnostic: A Spirited Manifesto,12.51,Nonfiction
Zealot: The Life and Times of Jesus of Nazareth,24.7,History
You (You #1),43.61,Thriller
"Wonder Woman: Earth One, Volume One (Wonder Woman: Earth One #1)",37.34,Sequential Art
Wild Swans,14.36,Young Adult
Why the Right Went Wrong: Conservatism--From Goldwater to the Tea Party and Beyond,52.65,Politics
Whole Lotta Creativity Going On: 60 Fun and Unusual Exercises to Awaken and Strengthen Your Creativity,38.2,Nonfiction
What's It Like in Space?: Stories from Astronauts Who've Been There,19.6,Nonfiction
"We Are Robin, Vol. 1: The Vigilante Business (We Are Robin #1)",53.9,Sequential Art
Walt Disney's Alice in Wonderland,12.96,Childrens
V for Vendetta (V for Vendetta Complete),37.1,Default
Until Friday Night (The Field Party #1),46.31,Young Adult
"Unbroken: A World War II Story of Survival, Resilience, and Redemption",45.95,Default
Twenty Yawns,22.08,Childrens
Through the Woods,25.38,Sequential Art
This Is Where It Ends,27.12,Young Adult
The Year of Magical Thinking,43.04,Nonfiction
The Wright Brothers,56.8,Default
The White Queen (The Cousins' War #1),25.91,Add a comment
The Wedding Pact (The O'Malleys #2),32.61,Romance
The Time Keeper,27.88,Fiction
The Testament of Mary,52.67,Fiction
The Star-Touched Queen,46.02,Fantasy
The Songs of the Gods,44.48,Default
The Song of Achilles,37.4,Add a comment
The Rosie Project (Don Tillman #1),54.04,Default
The Power of Habit: Why We Do What We Do in Life and Business,16.88,Default
The Marriage of Opposites,28.08,Historical Fiction
The Lucifer Effect: Understanding How Good People Turn Evil,10.4,Psychology
The Long Haul (Diary of a Wimpy Kid #9),44.07,Humor
The Loney,23.4,Horror
The Literature Book (Big Ideas Simply Explained),17.43,Nonfiction
The Last Mile (Amos Decker #2),54.21,Mystery
The Immortal Life of Henrietta Lacks,40.67,Add a comment
The Hidden Oracle (The Trials of Apollo #1),52.26,Fantasy
The Help Yourself Cookbook for Kids: 60 Easy Plant-Based Recipes Kids Can Make to Stay Healthy and Save the Earth,28.77,Food and Drink
The Guilty (Will Robie #4),13.82,Thriller
The First Hostage (J.B. Collins #2),25.85,Fiction
The Dovekeepers,48.78,Add a comment
The Darkest Lie,35.35,Young Adult
The Bane Chronicles (The Bane Chronicles #1-11),44.73,Fantasy
The Bad-Ass Librarians of Timbuktu: And Their Race to Save the World’s Most Precious Manuscripts,15.77,Nonfiction
The 14th Colony (Cotton Malone #11),39.24,Thriller
That Darkness (Gardiner and Renner #1),13.92,Mystery
Tastes Like Fear (DI Marnie Rome #3),10.69,Mystery
Take Me with You,45.21,Fiction
Swell: A Year of Waves,45.58,Nonfiction
Superman Vol. 1: Before Truth (Superman by Gene Luen Yang #1),11.89,Sequential Art
Still Life with Bread Crumbs,26.41,Fiction
Steve Jobs,39.5,Default
Sorting the Beef from the Bull: The Science of Food Fraud Forensics,44.74,Science
Someone Like You (The Harrisons #2),52.79,Contemporary
"So Cute It Hurts!!, Vol. 6 (So Cute It Hurts!! #6)",35.43,Sequential Art
Shtum,55.84,Fiction
See America: A Celebration of Our National Parks & Treasured Sites,48.87,Travel
salt.,46.78,Poetry
Robin War,47.82,Sequential Art
"Red Hood/Arsenal, Vol. 1: Open for Business (Red Hood/Arsenal #1)",25.48,Sequential Art
Rain Fish,23.57,Childrens
"Quarter Life Poetry: Poems for the Young, Broke and Hangry",50.89,Poetry
Pet Sematary,10.56,Horror
"Overload: How to Unplug, Unwind, and Unleash Yourself from the Pressure of Stress",52.15,Self Help
Once Was a Time,18.28,Childrens
Old School (Diary of a Wimpy Kid #10),11.83,Humor
No Dream Is Too High: Life Lessons From a Man Who Walked on the Moon,21.95,Nonfiction
"Naruto (3-in-1 Edition), Vol. 14: Includes Vols. 40, 41 & 42 (Naruto: Omnibus #14)",38.39,Sequential Art
My Name Is Lucy Barton,41.56,Fiction
My Mrs. Brown,24.48,Fiction
My Kind of Crazy,40.36,Young Adult
Mr. Mercedes (Bill Hodges Trilogy #1),28.9,Fiction
More Than Music (Chasing the Dream #1),37.61,Add a comment
Made to Stick: Why Some Ideas Survive and Others Die,38.85,Business
Luis Paints the World,53.95,Childrens
Luckiest Girl Alive,49.83,Default
Lowriders to the Center of the Earth (Lowriders in Space #2),51.51,Sequential Art
Love Is a Mix Tape (Music #1),18.03,Music
Looking for Lovely: Collecting the Moments that Matter,29.14,Nonfiction
"Living Leadership by Insight: A Good Leader Achieves, a Great Leader Builds Monuments",46.91,Default
Let It Out: A Journey Through Journaling,26.79,Nonfiction
Lady Midnight (The Dark Artifices #1),16.28,Default
"It's All Easy: Healthy, Delicious Weeknight Meals in under 30 Minutes",19.55,Food and Drink
Island of Dragons (Unwanteds #7),29.65,Fantasy
I Know What I'm Doing -- and Other Lies I Tell Myself: Dispatches from a Life Under Construction,25.98,Humor
I Am Pilgrim (Pilgrim #1),10.6,Fiction
"Hyperbole and a Half: Unfortunate Situations, Flawed Coping Mechanisms, Mayhem, and Other Things That Happened",14.75,Humor
"Hush, Hush (Hush, Hush #1)",47.02,Default
Hold Your Breath (Search and Rescue #1),28.82,Romance
Hamilton: The Revolution,58.79,Nonfiction
Greek Mythic History,10.23,Default
God: The Most Unpleasant Character in All Fiction,30.03,Religion
Glory over Everything: Beyond The Kitchen House,45.84,Historical Fiction
Feathers: Displays of Brilliant Plumage,49.05,Art
"Far & Away: Places on the Brink of Change: Seven Continents, Twenty-Five Years",15.06,Nonfiction
Every Last Word,46.47,Default
Eligible (The Austen Project #4),27.09,Fiction
El Deafo,57.62,Sequential Art
Eight Hundred Grapes,14.39,Fiction
"Eaternity: More than 150 Deliciously Easy Vegan Recipes for a Long, Healthy, Satisfied, Joyful Life",51.75,Nonfiction
"Eat Fat, Get Thin",54.07,Health
Don't Get Caught,55.35,Young Adult
Doctor Sleep (The Shining #2),40.12,Horror
Demigods & Magicians: Percy and Annabeth Meet the Kanes (Percy Jackson & Kane Chronicles Crossover #1-3),37.51,Fantasy
Dear Mr. Knightley,11.21,Fiction
Daily Fantasy Sports,36.58,Default
Crazy Love: Overwhelmed by a Relentless God,47.72,Christian
Cometh the Hour (The Clifton Chronicles #6),25.01,Fiction
Code Name Verity (Code Name Verity #1),22.13,Add a comment
Clockwork Angel (The Infernal Devices #1),44.14,Default
City of Glass (The Mortal Instruments #3),56.02,Fantasy
City of Fallen Angels (The Mortal Instruments #4),11.23,Default
City of Bones (The Mortal Instruments #1),43.28,Default
City of Ashes (The Mortal Instruments #2),47.27,Default
Cell,20.29,Add a comment
Catching Jordan (Hundred Oaks),50.83,Young Adult
"Carry On, Warrior: Thoughts on Life Unarmed",31.85,Default
Carrie,46.23,Default
Buying In: The Secret Dialogue Between What We Buy and Who We Are,37.8,Nonfiction
Brain on Fire: My Month of Madness,49.32,Nonfiction
Batman: Europa,32.01,Sequential Art
Barefoot Contessa Back to Basics,28.01,Food and Drink
Barefoot Contessa at Home: Everyday Recipes You'll Make Over and Over Again,50.62,Food and Drink
Balloon Animals,17.03,Fiction
Art Ops Vol. 1,48.8,Sequential Art
Aristotle and Dante Discover the Secrets of the Universe (Aristotle and Dante Discover the Secrets of the Universe #1),58.14,Young Adult
Angels Walking (Angels Walking #1),34.2,Add a comment
Angels & Demons (Robert Langdon #1),51.48,Default
All the Light We Cannot See,29.87,Historical
"Adulthood Is a Myth: A ""Sarah's Scribbles"" Collection",10.9,Sequential Art
Abstract City,56.37,Nonfiction
A Time of Torment (Charlie Parker #14),48.35,Mystery
A Study in Scarlet (Sherlock Holmes #1),16.73,Mystery
"A Series of Catastrophes and Miracles: A True Story of Love, Science, and Cancer",56.48,Add a comment
A People's History of the United States,40.79,Add a comment
A Man Called Ove,39.72,Fiction
A Distant Mirror: The Calamitous 14th Century,14.58,History
A Brush of Wings (Angels Walking #3),55.51,Add a comment
1491: New Revelations of the Americas Before Columbus,21.8,History
"The Three Searches, Meaning, and the Story",13.33,Default
Searching for Meaning in Gailana,38.73,Fantasy
Rook,37.86,Add a comment
My Kitchen Year: 136 Recipes That Saved My Life,11.53,Food and Drink
13 Hours: The Inside Account of What Really Happened In Benghazi,27.06,Nonfiction
Will You Won't You Want Me?,13.86,Womens Fiction
Tipping Point for Planet Earth: How Close Are We to the Edge?,37.55,Science
The Star-Touched Queen,32.3,Fantasy
The Silent Sister (Riley MacPherson #1),46.29,Fiction
The Midnight Watch: A Novel of the Titanic and the Californian,26.2,Add a comment
The Lonely City: Adventures in the Art of Being Alone,33.26,Nonfiction
The Gray Rhino: How to Recognize and Act on the Obvious Dangers We Ignore,59.15,Add a comment
The Golden Condom: And Other Essays on Love Lost and Found,39.43,Psychology
The Epidemic (The Program 0.6),14.44,Young Adult
The Dinner Party,56.54,Fiction
The Diary of a Young Girl,59.9,Nonfiction
The Children,11.88,Add a comment
Stars Above (The Lunar Chronicles #4.5),48.05,Young Adult
Snatched: How A Drug Queen Went Undercover for the DEA and Was Kidnapped By Colombian Guerillas,21.21,Nonfiction
Raspberry Pi Electronics Projects for the Evil Genius,49.67,Default
Quench Your Own Thirst: Business Lessons Learned Over a Beer or Two,43.14,Business
Psycho: Sanitarium (Psycho #1.5),36.97,Horror
Poisonous (Max Revere Novels #3),26.8,Mystery
One with You (Crossfire #5),15.71,Add a comment
No Love Allowed (Dodge Cove #1),54.65,Young Adult
Murder at the 42nd Street Library (Raymond Ambler #1),54.36,Mystery
Most Wanted,35.28,Mystery
"Love, Lies and Spies",20.55,Historical Fiction
How to Speak Golf: An Illustrated Guide to Links Lingo,58.32,Default
Hide Away (Eve Duncan #20),11.84,Mystery
Furiously Happy: A Funny Book About Horrible Things,41.46,Nonfiction
Everyday Italian: 125 Simple and Delicious Recipes,20.1,Food and Drink
Equal Is Unfair: America's Misguided Fight Against Income Inequality,56.86,Politics
Eleanor & Park,56.51,Default
Dirty (Dive Bar #1),40.83,Romance
Can You Keep a Secret? (Fear Street Relaunch #4),48.64,Horror
Boar Island (Anna Pigeon #19),59.48,Mystery
A Paris Apartment,39.01,Historical Fiction
"A la Mode: 120 Recipes in 60 Pairings: Pies, Tarts, Cakes, Crisps, and More Topped with Ice Cream, Gelato, Frozen Custard, and More",38.77,Food and Drink
Troublemaker: Surviving Hollywood and Scientology,48.39,Default
The Widow,27.26,Mystery
"The Sleep Revolution: Transforming Your Life, One Night at a Time",11.68,Nonfiction
The Improbability of Love,59.45,Fiction
The Art of Startup Fundraising,21,Business
Take Me Home Tonight (Rock Star Romance #3),53.98,Romance
Sleeping Giants (Themis Files #1),48.74,Science Fiction
"Setting the World on Fire: The Brief, Astonishing Life of St. Catherine of Siena",21.15,Biography
Playing with Fire,13.71,Mystery
Off the Hook (Fishing for Trouble #1),47.67,Romance
Mothering Sunday,13.34,Fiction
"Mother, Can You Not?",16.89,Nonfiction
M Train,27.18,Autobiography
Lilac Girls,17.28,Historical Fiction
Lies and Other Acts of Love,45.14,Fiction
Lab Girl,40.85,Autobiography
Keep Me Posted,20.46,Womens Fiction
It Didn't Start with You: How Inherited Family Trauma Shapes Who We Are and How to End the Cycle,56.27,Psychology
Grey (Fifty Shades #4),48.49,Womens Fiction
"Exit, Pursued by a Bear",51.34,Young Adult
Daredevils,16.34,Fiction
Cravings: Recipes for What You Want to Eat,20.5,Food and Drink
Born for This: How to Find the Work You Were Meant to Do,21.59,Business
Arena,21.36,Science Fiction
Adultery,20.88,Default
A Mother's Reckoning: Living in the Aftermath of Tragedy,19.53,Nonfiction
A Gentleman's Position (Society of Gentlemen #3),14.75,Romance
11/22/63,48.48,Fiction
"10% Happier: How I Tamed the Voice in My Head, Reduced Stress Without Losing My Edge, and Found Self-Help That Actually Works",24.57,Nonfiction
10-Day Green Smoothie Cleanse: Lose Up to 15 Pounds in 10 Days!,49.71,Health
Without Shame,48.27,Add a comment
Watchmen,58.05,Add a comment
Unlimited Intuition Now,58.87,Default
Underlying Notes,11.82,Default
The Shack,28.03,Fiction
The New Brand You: Your New Image Makes the Sale for You,44.05,Default
"The Moosewood Cookbook: Recipes from Moosewood Restaurant, Ithaca, New York",12.34,Food and Drink
The Flowers Lied,16.68,Default
"The Fabric of the Cosmos: Space, Time, and the Texture of Reality",55.91,Science
The Book of Mormon,24.57,Religion
The Art and Science of Low Carbohydrate Living,52.98,Health
The Alien Club,54.4,Young Adult
Suzie Snowflake: One beautiful flake (a self-esteem story),54.81,Novels
Nap-a-Roo,25.08,Childrens
"NaNo What Now? Finding your editing process, revising your NaNoWriMo book and building a writing career through publishing and beyond",10.41,Default
Modern Day Fables,47.44,Default
If I Gave You God's Phone Number....: Searching for Spirituality in America,20.91,Spirituality
"Fruits Basket, Vol. 9 (Fruits Basket #9)",33.95,Sequential Art
Dress Your Family in Corduroy and Denim,43.68,Humor
Don't Forget Steven,33.23,Young Adult
Chernobyl 01:23:40: The Incredible True Story of the World's Worst Nuclear Disaster,35.92,Nonfiction
Art and Fear: Observations on the Perils (and Rewards) of Artmaking,48.63,Art
A Shard of Ice (The Black Symphony Saga #1),56.63,Fantasy
A Hero's Curse (The Unseen Chronicles #1),50.49,Add a comment
23 Degrees South: A Tropical Tale of Changing Whether...,35.79,Add a comment
"Zero to One: Notes on Startups, or How to Build the Future",34.06,Nonfiction
Why Not Me?,17.76,Nonfiction
When Breath Becomes Air,39.36,Nonfiction
Vagabonding: An Uncommon Guide to the Art of Long-Term World Travel,36.94,Travel
The Unlikely Pilgrimage of Harold Fry (Harold Fry #1),43.62,Default
The New Drawing on the Right Side of the Brain,43.02,Art
"The Midnight Assassin: Panic, Scandal, and the Hunt for America's First Serial Killer",28.45,Nonfiction
The Martian (The Martian #1),41.39,Default
The High Mountains of Portugal,51.15,Fiction
The Grownup,35.88,Short Stories
The E-Myth Revisited: Why Most Small Businesses Don't Work and What to Do About It,36.91,Business
South of Sunshine,28.93,Young Adult
Smarter Faster Better: The Secrets of Being Productive in Life and Business,38.89,Nonfiction
Silence in the Dark (Logan Point #4),58.33,Suspense
Shadows of the Past (Logan Point #1),39.67,Christian Fiction
Roller Girl,14.1,Sequential Art
Rising Strong,21.82,Nonfiction
Proofs of God: Classical Arguments from Tertullian to Barth,54.21,Philosophy
Please Kill Me: The Uncensored Oral History of Punk,31.19,Music
Out of Print: City Lights Spotlight No. 14,53.64,Poetry
My Life Next Door (My Life Next Door ),36.39,Young Adult
Miller's Valley,58.54,Fiction
Man's Search for Meaning,29.48,Nonfiction
"Love That Boy: What Two Presidents, Eight Road Trips, and My Son Taught Me About a Parent's Expectations",25.06,Nonfiction
Living Forward: A Proven Plan to Stop Drifting and Get the Life You Want,12.55,Nonfiction
Les Fleurs du Mal,29.04,Poetry
Left Behind (Left Behind #1),40.72,Default
Kill 'Em and Leave: Searching for James Brown and the American Soul,45.05,Music
Kierkegaard: A Christian Missionary to Christians,47.13,Philosophy
John Vassos: Industrial Design for Modern Life,20.22,Default
I'll Give You the Sun,56.48,Default
I Will Find You,44.21,Nonfiction
Hystopia: A Novel,21.96,Fiction
Howl and Other Poems,40.45,Poetry
History of Beauty,10.29,Art
Heaven is for Real: A Little Boy's Astounding Story of His Trip to Heaven and Back,52.86,Default
Future Shock (Future Shock #1),55.65,Young Adult
Ender's Game (The Ender Quintet #1),43.64,Default
Diary of a Citizen Scientist: Chasing Tiger Beetles and Other New Ways of Engaging the World,28.41,Science
Death by Leisure: A Cautionary Tale,37.51,Default
Brilliant Beacons: A History of the American Lighthouse,11.45,History
Brazen: The Courage to Find the You That's Been Hiding,19.22,Nonfiction
Between the World and Me,56.91,Nonfiction
Being Mortal: Medicine and What Matters in the End,55.06,Nonfiction
"A Murder Over a Girl: Justice, Gender, Junior High",13.2,Nonfiction
32 Yolks,53.63,Food and Drink
"""Most Blessed of the Patriarchs"": Thomas Jefferson and the Empire of the Imagination",44.48,History
You Are a Badass: How to Stop Doubting Your Greatness and Start Living an Awesome Life,12.08,Self Help
Wildlife of New York: A Five-Borough Coloring Book,22.14,Default
What Happened on Beale Street (Secrets of the South Mysteries #2),25.37,Mystery
Unreasonable Hope: Finding Faith in the God Who Brings Purpose to Your Pain,46.33,Spirituality
Under the Tuscan Sun,37.33,Travel
Toddlers Are A**holes: It's Not Your Fault,25.55,Humor
The Year of Living Biblically: One Man's Humble Quest to Follow the Bible as Literally as Possible,34.72,Default
The Whale,35.96,Childrens
The Story of Art,41.14,Art
The Origin of Species,10.01,Science
The Great Gatsby,36.05,Default
The Good Girl,49.03,Default
The Glass Castle,16.24,Add a comment
The Faith of Christopher Hitchens: The Restless Soul of the World's Most Notorious Atheist,39.55,Biography
The Drowning Girls,35.67,Add a comment
The Constant Princess (The Tudor Court #1),16.62,Historical Fiction
The Bourne Identity (Jason Bourne #1),42.78,Fiction
The Bachelor Girl's Guide to Murder (Herringford and Watts Mysteries #1),52.3,Mystery
The Art Book,32.34,Art
The 7 Habits of Highly Effective People: Powerful Lessons in Personal Change,33.17,Default
Team of Rivals: The Political Genius of Abraham Lincoln,20.12,Add a comment
Steal Like an Artist: 10 Things Nobody Told You About Being Creative,20.9,Default
"Sit, Stay, Love",20.9,Romance
Sister Dear,40.2,Fiction
"Shrunken Treasures: Literary Classics, Short, Sweet, and Silly",52.87,Childrens
"Rich Dad, Poor Dad",51.74,Business
Raymie Nightingale,34.41,Childrens
Playing from the Heart,32.38,Childrens
Nightstruck: A Novel,50.35,Young Adult
"Naturally Lean: 125 Nourishing Gluten-Free, Plant-Based Recipes--All Under 300 Calories",11.38,Food and Drink
Meternity,43.58,Womens Fiction
Memoirs of a Geisha,49.67,Fiction
Like Never Before (Walker Family #2),28.77,Christian Fiction
Life of Pi,13.22,Default
Leave This Song Behind: Teen Poetry at Its Best,51.17,Poetry
King's Folly (The Kinsman Chronicles #1),39.61,Fantasy
John Adams,57.43,Add a comment
How to Cook Everything Vegetarian: Simple Meatless Recipes for Great Food (How to Cook Everything),46.01,Food and Drink
How to Be a Domestic Goddess: Baking and the Art of Comfort Cooking,28.25,Food and Drink
Good in Bed (Cannie Shapiro #1),37.05,Add a comment
"Fruits Basket, Vol. 7 (Fruits Basket #7)",19.57,Sequential Art
For the Love: Fighting for Grace in a World of Impossible Standards,45.13,Nonfiction
Finding God in the Ruins: How God Redeems Pain,46.64,Nonfiction
Every Heart a Doorway (Every Heart A Doorway #1),12.16,Fantasy
Delivering the Truth (Quaker Midwife Mystery #1),20.89,Mystery
Counted With the Stars (Out from Egypt #1),17.97,Christian Fiction
"Chronicles, Vol. 1",52.6,Music
Blue Like Jazz: Nonreligious Thoughts on Christian Spirituality,25.77,Christian
Benjamin Franklin: An American Life,48.19,Biography
"At The Existentialist Café: Freedom, Being, and apricot cocktails with: Jean-Paul Sartre, Simone de Beauvoir, Albert Camus, Martin Heidegger, Edmund Husserl, Karl Jaspers, Maurice Merleau-Ponty and others",29.93,Philosophy
A Summer In Europe,44.34,Travel
A Short History of Nearly Everything,52.4,History
A Gathering of Shadows (Shades of Magic #2),44.81,Fantasy
The Sound Of Love,57.84,Default
The Rise and Fall of the Third Reich: A History of Nazi Germany,39.67,History
The Perks of Being a Wallflower,55.02,Default
The Mysterious Affair at Styles (Hercule Poirot #1),24.8,Mystery
The Man Who Mistook His Wife for a Hat and Other Clinical Tales,59.45,Nonfiction
The Makings of a Fatherless Child,31.58,Default
The Joy of Cooking,43.27,Add a comment
The Invention of Wings,37.34,Historical Fiction
The Hobbit (Middle-Earth Universe),17.8,Default
The Great Railway Bazaar,30.54,Travel
The Golden Compass (His Dark Materials #1),18.77,Add a comment
The God Delusion,46.85,Add a comment
The Girl You Left Behind (The Girl You Left Behind #1),15.79,Historical
The Fellowship of the Ring (The Lord of the Rings #1),10.27,Default
The Collected Poems of W.B. Yeats (The Collected Works of W.B. Yeats #1),15.42,Poetry
The Barefoot Contessa Cookbook,59.92,Food and Drink
Tell the Wolves I'm Home,50.96,Young Adult
Ship Leaves Harbor: Essays on Travel by a Recovering Journeyman,30.6,Default
Pride and Prejudice,19.27,Add a comment
Musicophilia: Tales of Music and the Brain,46.58,Default
Mere Christianity,48.51,Add a comment
Me Before You (Me Before You #1),19.02,Fiction
In the Woods (Dublin Murder Squad #1),38.38,Mystery
In Cold Blood,49.98,Nonfiction
How to Stop Worrying and Start Living,46.49,Self Help
Give It Back,18.32,Thriller
"Girl, Interrupted",42.14,Nonfiction
Fun Home: A Family Tragicomic,56.59,Add a comment
"Fruits Basket, Vol. 6 (Fruits Basket #6)",20.96,Sequential Art
Deception Point,40.32,Fiction
"Death Note, Vol. 6: Give-and-Take (Death Note #6)",36.39,Sequential Art
Catherine the Great: Portrait of a Woman,58.55,History
Better Homes and Gardens New Cook Book,39.61,Food and Drink
An Unquiet Mind: A Memoir of Moods and Madness,21.3,Psychology
A Year in Provence (Provence #1),56.88,Travel
World Without End (The Pillars of the Earth #2),32.97,Historical Fiction
"Will Grayson, Will Grayson (Will Grayson, Will Grayson)",47.31,Young Adult
Why Save the Bankers?: And Other Essays on Our Economic and Political Crisis,48.67,Nonfiction
Where She Went (If I Stay #2),41.73,Young Adult
What If?: Serious Scientific Answers to Absurd Hypothetical Questions,53.68,Default
Two Summers,14.64,Young Adult
This Is Your Brain on Music: The Science of a Human Obsession,38.4,Music
The Secret Garden,15.08,Classics
The Raven King (The Raven Cycle #4),30.57,Add a comment
The Raven Boys (The Raven Cycle #1),57.74,Fantasy
The Power Greens Cookbook: 140 Delicious Superfood Recipes,11.05,Food and Drink
The Metamorphosis,28.58,Classics
The Mathews Men: Seven Brothers and the War Against Hitler's U-boats,42.91,History
The Little Paris Bookshop,24.73,Fiction
The Hiding Place,55.91,History
The Grand Design,13.76,Science
The Firm,45.56,Fiction
The Fault in Our Stars,47.22,Default
The False Prince (The Ascendance Trilogy #1),56,Fantasy
The Expatriates,44.58,Fiction
The Dream Thieves (The Raven Cycle #2),34.5,Default
The Darkest Corners,11.33,Young Adult
The Crossover,38.77,Poetry
The 5th Wave (The 5th Wave #1),11.83,Default
Tell the Wind and Fire,45.51,Fantasy
Tell Me Three Things,41.81,Young Adult
Talking to Girls About Duran Duran: One Young Man's Quest for True Love and a Cooler Haircut,25.15,Nonfiction
Siddhartha,34.22,Fiction
Shiver (The Wolves of Mercy Falls #1),16.23,Default
Remember Me?,11.48,Default
Red Dragon (Hannibal Lecter #1),23.37,Horror
Peak: Secrets from the New Science of Expertise,16.28,Science
My Mother Was Nuts,31.63,Nonfiction
Mexican Today: New and Rediscovered Recipes for Contemporary Kitchens,24.91,Food and Drink
Maybe Something Beautiful: How Art Transformed a Neighborhood,22.54,Childrens
Lola and the Boy Next Door (Anna and the French Kiss #2),23.63,Young Adult
Logan Kade (Fallen Crest High #5.5),13.12,Academic
Last One Home (New Beginnings #1),59.98,Fiction
Killing Floor (Jack Reacher #1),31.49,Thriller
Kill the Boy Band,15.52,Young Adult
Isla and the Happily Ever After (Anna and the French Kiss #3),48.13,Young Adult
If I Stay (If I Stay #1),38.13,Default
I Know Why the Caged Bird Sings (Maya Angelou's Autobiography #1),36.55,Default
Harry Potter and the Deathly Hallows (Harry Potter #7),23.32,Default
"Fruits Basket, Vol. 5 (Fruits Basket #5)",16.33,Sequential Art
Foundation (Foundation (Publication Order) #1),32.42,Science Fiction
Fool Me Once,16.96,Default
Find Her (Detective D.D. Warren #8),22.37,Add a comment
Evicted: Poverty and Profit in the American City,42.27,Add a comment
Drama,38.7,Default
Dracula the Un-Dead,35.63,Horror
Digital Fortress,58,Fiction
"Death Note, Vol. 5: Whiteout (Death Note #5)",52.41,Sequential Art
"Data, A Love Story: How I Gamed Online Dating to Meet My Match",32.35,Nonfiction
Critique of Pure Reason,20.75,Philosophy
Booked,17.49,Poetry
"Blue Lily, Lily Blue (The Raven Cycle #3)",34.13,Default
Approval Junkie: Adventures in Caring Too Much,58.81,Autobiography
An Abundance of Katherines,10,Young Adult
America's War for the Greater Middle East: A Military History,51.22,History
Alight (The Generations Trilogy #2),58.59,Default
A Girl's Guide to Moving On (New Beginnings #2),31.3,Romance
A Game of Thrones (A Song of Ice and Fire #1),46.42,Add a comment
A Feast for Crows (A Song of Ice and Fire #4),17.21,Fantasy
A Clash of Kings (A Song of Ice and Fire #2),10.79,Add a comment
Vogue Colors A to Z: A Fashion Coloring Book,52.35,Default
The Shining (The Shining #1),27.88,Default
The Pilgrim's Progress,50.26,Classics
The Perfect Play (Play by Play #1),59.99,Romance
The Passion of Dolssa,28.32,Historical Fiction
The Jazz of Physics: The Secret Link Between Music and the Structure of the Universe,38.71,Nonfiction
The Hunger Games (The Hunger Games #1),29.85,Default
The Hound of the Baskervilles (Sherlock Holmes #5),14.82,Classics
The Gunning of America: Business and the Making of American Gun Culture,16.81,Nonfiction
The Geography of Bliss: One Grump's Search for the Happiest Places in the World,28.23,Nonfiction
The Demonists (Demonist #1),52.11,Fantasy
"The Demon Prince of Momochi House, Vol. 4 (The Demon Prince of Momochi House #4)",27.88,Sequential Art
The Bone Hunters (Lexy Vaughan & Steven Macaulay #2),59.71,Thriller
The Beast (Black Dagger Brotherhood #14),46.08,Fantasy
Some Women,13.73,Womens Fiction
Shopaholic Ties the Knot (Shopaholic #3),48.39,Womens Fiction
Paper and Fire (The Great Library #2),49.45,Fantasy
Outlander (Outlander #1),19.67,Default
"Orchestra of Exiles: The Story of Bronislaw Huberman, the Israel Philharmonic, and the One Thousand Jews He Saved from Nazi Horrors",12.36,Music
No One Here Gets Out Alive,20.02,Music
Night Shift (Night Shift #1-20),12.75,Horror
Needful Things,47.51,Horror
Mockingjay (The Hunger Games #3),20.44,Default
Misery,34.79,Horror
Little Women (Little Women #1),28.07,Classics
It,25.01,Horror
Harry Potter and the Sorcerer's Stone (Harry Potter #1),13.9,Default
Harry Potter and the Prisoner of Azkaban (Harry Potter #3),24.17,Young Adult
Harry Potter and the Order of the Phoenix (Harry Potter #5),31.63,Fantasy
Harry Potter and the Half-Blood Prince (Harry Potter #6),48.75,Fantasy
Harry Potter and the Chamber of Secrets (Harry Potter #2),14.74,Fantasy
Gone with the Wind,32.49,Classics
God Is Not Great: How Religion Poisons Everything,27.8,Nonfiction
Girl With a Pearl Earring,26.77,Historical Fiction
"Fruits Basket, Vol. 4 (Fruits Basket #4)",50.44,Sequential Art
Far From True (Promise Falls Trilogy #2),34.93,Thriller
Dark Lover (Black Dagger Brotherhood #1),12.87,Romance
Confessions of a Shopaholic (Shopaholic #1),48.94,Default
Changing the Game (Play by Play #2),13.38,Romance
Candide,58.63,Classics
Can You Keep a Secret?,21.94,Womens Fiction
Atlas Shrugged,26.58,Fiction
Animal Farm,57.22,Classics
A Walk to Remember,56.43,Romance
A New Earth: Awakening to Your Life's Purpose,55.65,Spirituality
"A History of God: The 4,000-Year Quest of Judaism, Christianity, and Islam",27.62,Religion
'Salem's Lot,49.56,Horror
Zero History (Blue Ant #3),34.77,Default
Wuthering Heights,17.73,Classics
World War Z: An Oral History of the Zombie War,21.8,Default
Wild: From Lost to Found on the Pacific Crest Trail,46.02,Default
"Where'd You Go, Bernadette",18.13,Default
When You Are Engulfed in Flames,30.89,Humor
We the People: The Modern-Day Figures Who Have Reshaped and Affirmed the Founding Fathers' Vision of America,31.95,Nonfiction
We Are All Completely Beside Ourselves,24.04,Contemporary
Walk the Edge (Thunder Road #2),32.36,Young Adult
Voyager (Outlander #3),21.07,Historical Fiction
Very Good Lives: The Fringe Benefits of Failure and the Importance of Imagination,50.66,Nonfiction
Vegan Vegetarian Omnivore: Dinner for Everyone at the Table,13.66,Food and Drink
"Unstuffed: Decluttering Your Home, Mind, and Soul",58.09,Nonfiction
Under the Banner of Heaven: A Story of Violent Faith,30,Nonfiction
Two Boys Kissing,32.74,Young Adult
Twilight (Twilight #1),41.93,Default
Twenties Girl,42.8,Womens Fiction
"Trespassing Across America: One Man's Epic, Never-Done-Before (and Sort of Illegal) Hike Across the Heartland",53.51,Nonfiction
Three-Martini Lunch,23.21,Fiction
"Thinking, Fast and Slow",21.14,Psychology
The Wild Robot,56.07,Childrens
"The Wicked + The Divine, Vol. 3: Commercial Suicide (The Wicked + The Divine)",14.41,Sequential Art
The Undomestic Goddess,45.75,Womens Fiction
The Travelers,15.77,Thriller
The Tipping Point: How Little Things Can Make a Big Difference,10.02,Add a comment
The Thing About Jellyfish,48.77,Childrens
The Stand,57.86,Horror
The Smitten Kitchen Cookbook,23.59,Food and Drink
The Silkworm (Cormoran Strike #2),23.05,Mystery
"The Sandman, Vol. 3: Dream Country (The Sandman (volumes) #3)",55.55,Sequential Art
The Rose & the Dagger (The Wrath and the Dawn #2),58.64,Fantasy
The Road to Little Dribbling: Adventures of an American in Britain (Notes From a Small Island #2),23.21,Travel
The Rise of Theodore Roosevelt (Theodore Roosevelt #1),42.57,Biography
The Restaurant at the End of the Universe (Hitchhiker's Guide to the Galaxy #2),10.92,Science Fiction
The Rest Is Noise: Listening to the Twentieth Century,34.77,Add a comment
The Red Tent,35.66,Historical Fiction
The Purpose Driven Life: What on Earth Am I Here for?,37.19,Add a comment
The Purest Hook (Second Circle Tattoos #3),12.25,Romance
The Picture of Dorian Gray,29.7,Classics
The Paris Wife,36.8,Default
The Obsession,45.43,Romance
The Nightingale,26.26,Fiction
The New Guy (and Other Senior Year Distractions),44.92,Young Adult
The Nanny Diaries (Nanny #1),52.53,Womens Fiction
The Name of God is Mercy,37.25,Nonfiction
The Maze Runner (The Maze Runner #1),20.93,Default
The Lover's Dictionary,58.09,Default
The Lonely Ones,43.59,Childrens
The Lean Startup: How Today's Entrepreneurs Use Continuous Innovation to Create Radically Successful Businesses,33.92,Business
The Last Painting of Sara de Vos,55.55,Historical Fiction
"The Land of 10,000 Madonnas",29.64,Young Adult
The Infinities,27.41,Fiction
The Husband's Secret,52.51,Fiction
The Hitchhiker's Guide to the Galaxy (Hitchhiker's Guide to the Galaxy #1),47.8,Add a comment
The Guns of August,14.54,History
The Guernsey Literary and Potato Peel Pie Society,49.53,Historical Fiction
The Goldfinch,43.58,Default
The Giver (The Giver Quartet #1),12.3,Default
The Girl with All the Gifts,49.47,Horror
The Girl Who Played with Fire (Millennium Trilogy #2),22.14,Default
The Girl Who Kicked the Hornet's Nest (Millennium Trilogy #3),57.48,Add a comment
The Exiled,43.45,Mystery
"The End of Faith: Religion, Terror, and the Future of Reason",22.13,Add a comment
"The Elegant Universe: Superstrings, Hidden Dimensions, and the Quest for the Ultimate Theory",13.03,Science
"The Disappearing Spoon: And Other True Tales of Madness, Love, and the History of the World from the Periodic Table of the Elements",57.35,Science
The Devil Wears Prada (The Devil Wears Prada #1),44.29,Womens Fiction
The Demon-Haunted World: Science as a Candle in the Dark,52.25,Default
The Day the Crayons Came Home (Crayons),26.33,Childrens
The Da Vinci Code (Robert Langdon #2),22.96,Fiction
The Cuckoo's Calling (Cormoran Strike #1),19.21,Mystery
The Complete Stories and Poems (The Works of Edgar Allan Poe [Cameo Edition]),26.78,Classics
The Complete Poems,41.32,Add a comment
The Catcher in the Rye,24.55,Add a comment
The Cat in the Hat (Beginner Books B-1),16.26,Childrens
The Case for Christ (Cases for Christianity),47.84,Add a comment
The Book Thief,53.49,Default
The Book of Basketball: The NBA According to The Sports Guy,44.84,Sports and Games
The Blind Side: Evolution of a Game,53.71,Add a comment
The Autobiography of Malcolm X,23.43,Default
"The Art of Simple Food: Notes, Lessons, and Recipes from a Delicious Revolution",34.32,Food and Drink
The Art of Fielding,22.1,Fiction
"Surely You're Joking, Mr. Feynman!: Adventures of a Curious Character",25.83,Science
Stiff: The Curious Lives of Human Cadavers,36.74,Nonfiction
Spilled Milk: Based on a True Story,49.51,Nonfiction
Something Borrowed (Darcy & Rachel #1),48.96,Womens Fiction
Something Blue (Darcy & Rachel #2),54.62,Womens Fiction
Soldier (Talon #3),24.72,Fantasy
Shopaholic & Baby (Shopaholic #5),46.45,Default
Seven Days in the Art World,52.33,Add a comment
Seven Brief Lessons on Physics,30.6,Science
Scarlet (The Lunar Chronicles #2),14.57,Young Adult
Sarah's Key,46.29,Add a comment
"Saga, Volume 3 (Saga (Collected Editions) #3)",21.57,Sequential Art
Running with Scissors,12.91,Autobiography
Rogue Lawyer (Rogue Lawyer #1),50.11,Add a comment
"Rise of the Rocket Girls: The Women Who Propelled Us, from Missiles to the Moon to Mars",41.67,Nonfiction
Rework,44.88,Business
Reservations for Two,11.1,Romance
Red: The True Story of Red Riding Hood,28.54,Childrens
Ready Player One,19.07,Science Fiction
Quiet: The Power of Introverts in a World That Can't Stop Talking,43.55,Default
Prodigy: The Graphic Novel (Legend: The Graphic Novel #2),43.63,Sequential Art
Persepolis: The Story of a Childhood (Persepolis #1-2),39.13,Sequential Art
Packing for Mars: The Curious Science of Life in the Void,56.68,Default
Outliers: The Story of Success,14.16,Nonfiction
Original Fake,31.45,Sequential Art
Orange Is the New Black,24.61,Default
One for the Money (Stephanie Plum #1),32.87,Default
Notes from a Small Island (Notes From a Small Island #1),40.17,Nonfiction
Night (The Night Trilogy #1),13.51,Nonfiction
Neither Here nor There: Travels in Europe,38.95,Travel
Naked,31.69,Humor
Morning Star (Red Rising #3),29.4,Default
"Miracles from Heaven: A Little Girl, Her Journey to Heaven, and Her Amazing Story of Healing",57.83,Nonfiction
Midnight Riot (Peter Grant/ Rivers of London - books #1),55.46,Fantasy
Me Talk Pretty One Day,57.6,Autobiography
Manuscript Found in Accra,34.98,Add a comment
Lust & Wonder,11.87,Autobiography
Lila (Gilead #3),12.47,Fiction
"Life, the Universe and Everything (Hitchhiker's Guide to the Galaxy #3)",33.26,Science Fiction
Life Without a Recipe,59.04,Autobiography
Life After Life,26.13,Default
Letter to a Christian Nation,22.2,Nonfiction
Let's Pretend This Never Happened: A Mostly True Memoir,45.11,Nonfiction
Legend (Legend #1),43.69,Young Adult
"Lean In: Women, Work, and the Will to Lead",25.02,Default
"Lamb: The Gospel According to Biff, Christ's Childhood Pal",55.5,Humor
Lady Renegades (Rebel Belle #3),53.04,Young Adult
Jurassic Park (Jurassic Park #1),44.97,Fiction
It's Never Too Late to Begin Again: Discovering Creativity and Meaning at Midlife and Beyond,42.38,Nonfiction
Is Everyone Hanging Out Without Me? (And Other Concerns),20.11,Default
Into the Wild,56.7,Nonfiction
Inferno (Robert Langdon #4),41,Fiction
"In the Garden of Beasts: Love, Terror, and an American Family in Hitler's Berlin",28.85,Nonfiction
If I Run (If I Run #1),49.97,Christian Fiction
I've Got Your Number,19.69,Womens Fiction
I Am Malala: The Girl Who Stood Up for Education and Was Shot by the Taliban,28.88,Nonfiction
Hungry Girl Clean & Hungry: Easy All-Natural Recipes for Healthy Eating in the Real World,33.14,Food and Drink
"House of Lost Worlds: Dinosaurs, Dynasties, and the Story of Life on Earth",43.7,History
House of Leaves,54.89,Horror
Horrible Bear!,37.52,Childrens
Holidays on Ice,51.07,Humor
Heir to the Sky,44.07,Fantasy
Green Eggs and Ham (Beginner Books B-16),10.79,Childrens
"Grayson, Vol 3: Nemesis (Grayson #3)",42.72,Sequential Art
Gratitude,26.66,Nonfiction
Gone Girl,37.6,Default
Golden (Heart of Dread #3),42.21,Young Adult
Girl in the Blue Coat,46.83,Historical Fiction
"Fruits Basket, Vol. 3 (Fruits Basket #3)",45.17,Sequential Art
"Friday Night Lights: A Town, a Team, and a Dream",51.22,Sports and Games
Fire Bound (Sea Haven/Sisters of the Heart #5),21.28,Add a comment
Fifty Shades Freed (Fifty Shades #3),15.36,Adult Fiction
Fellside,38.62,Default
Extreme Prey (Lucas Davenport #26),25.4,Mystery
Eragon (The Inheritance Cycle #1),43.87,Fantasy
Eclipse (Twilight #3),18.74,Default
Dune (Dune #1),54.86,Science Fiction
Dracula,52.62,Default
Do Androids Dream of Electric Sheep? (Blade Runner #1),51.48,Science Fiction
Disrupted: My Misadventure in the Start-Up Bubble,15.28,Nonfiction
Dead Wake: The Last Crossing of the Lusitania,39.24,Default
"David and Goliath: Underdogs, Misfits, and the Art of Battling Giants",17.81,Default
Darkfever (Fever #1),56.02,Fantasy
Dark Places,23.9,Default
Crazy Rich Asians (Crazy Rich Asians #1),49.13,Fiction
Counting Thyme,10.62,Childrens
Cosmos,36.17,Add a comment
Civilization and Its Discontents,59.95,Psychology
Cinder (The Lunar Chronicles #1),26.09,Young Adult
Catastrophic Happiness: Finding Joy in Childhood's Messy Years,37.35,Parenting
Career of Evil (Cormoran Strike #3),24.72,Mystery
Breaking Dawn (Twilight #4),35.28,Default
Brave Enough,51.32,Nonfiction
Boy Meets Boy,21.12,Young Adult
"Born to Run: A Hidden Tribe, Superathletes, and the Greatest Race the World Has Never Seen",27.35,Nonfiction
Blink: The Power of Thinking Without Thinking,21.74,Nonfiction
Black Flags: The Rise of ISIS,40.87,Nonfiction
"Black Butler, Vol. 1 (Black Butler #1)",49.31,Sequential Art
Big Little Lies,22.11,Fiction
Between Shades of Gray,20.79,Historical Fiction
Best of My Love (Fool's Gold #20),27.41,Romance
Beowulf,38.35,Classics
Beautiful Creatures (Caster Chronicles #1),21.55,Default
Awkward,38.02,Sequential Art
Ash,22.06,Fantasy
Are We There Yet?,10.66,Childrens
Are We Smart Enough to Know How Smart Animals Are?,56.58,Nonfiction
Annie on My Mind,36.83,Young Adult
And Then There Were None,35.01,Classics
A Walk in the Woods: Rediscovering America on the Appalachian Trail,30.48,Nonfiction
A Visit from the Goon Squad,14.08,Default
A Storm of Swords (A Song of Ice and Fire #3),31.22,Fantasy
A Heartbreaking Work of Staggering Genius,54.29,Autobiography
8 Keys to Mental Health Through Exercise,31.04,Psychology
#GIRLBOSS,50.96,Add a comment
"The Suffragettes (Little Black Classics, #96)",11.89,Nonfiction
The Sense of an Ending,31.38,Add a comment
"The Sandman, Vol. 2: The Doll's House (The Sandman (volumes) #2)",54.81,Sequential Art
The Course of Love,16.78,Fiction
Sugar Rush (Offensive Line #2),24.42,Sports and Games
"Saga, Volume 2 (Saga (Collected Editions) #2)",11.75,Sequential Art
"Run, Spot, Run: The Ethics of Keeping Pets",20.02,Philosophy
New Moon (Twilight #2),12.86,Young Adult
Life,31.58,Music
Kindle Paperwhite User's Guide,34,Nonfiction
H is for Hawk,57.42,Nonfiction
Girl Online On Tour (Girl Online #2),53.47,Young Adult
"Fruits Basket, Vol. 2 (Fruits Basket #2)",11.64,Sequential Art
Diary of a Minecraft Zombie Book 1: A Scare of a Dare (An Unofficial Minecraft Book),52.88,Childrens
"Y: The Last Man, Vol. 1: Unmanned (Y: The Last Man #1)",18.51,Sequential Art
While You Were Mine,41.32,Historical Fiction
Where Lightning Strikes (Bleeding Stars #3),39.77,Romance
When I'm Gone,51.96,Fiction
Ways of Seeing,39.51,Art
"Vampire Knight, Vol. 1 (Vampire Knight #1)",15.4,Paranormal
Vampire Girl (Vampire Girl #1),53.82,Fantasy
Twenty Love Poems and a Song of Despair,30.95,Poetry
Travels with Charley: In Search of America,57.82,Nonfiction
Three Wishes (River of Time: California #1),44.18,Science Fiction
This One Moment (Pushing Limits #1),48.71,Romance
The Zombie Room,19.69,Default
"The Wicked + The Divine, Vol. 1: The Faust Act (The Wicked + The Divine)",36.52,Sequential Art
The Tumor,41.56,Nonfiction
The Story of Hong Gildong,43.19,Classics
The Silent Wife,12.34,Fiction
The Silent Twin (Detective Jennifer Knight #3),36.25,Fantasy
The Selfish Gene,29.45,Science
The Secret Healer,34.56,Historical Fiction
"The Sandman, Vol. 1: Preludes and Nocturnes (The Sandman (volumes) #1)",54.12,Sequential Art
The Republic,33.78,Add a comment
The Odyssey,29.64,Add a comment
The No. 1 Ladies' Detective Agency (No. 1 Ladies' Detective Agency #1),57.7,Mystery
The Nicomachean Ethics,36.34,Philosophy
The Name of the Wind (The Kingkiller Chronicle #1),50.59,Default
The Mirror & the Maze (The Wrath and the Dawn #1.5),29.38,Fantasy
The Little Prince,45.42,Classics
The Light of the Fireflies,54.43,Add a comment
The Last Girl (The Dominion Trilogy #1),36.26,Science Fiction
The Iliad,16.16,Add a comment
The Hook Up (Game On #1),36.29,New Adult
The Haters,27.89,Young Adult
The Girl You Lost,12.29,Mystery
The Girl In The Ice (DCI Erika Foster #1),15.85,Mystery
The End of the Jesus Era (An Investigation #1),14.4,Nonfiction
The Edge of Reason (Bridget Jones #2),19.18,Womens Fiction
The Complete Maus (Maus #1-2),10.64,Sequential Art
The Communist Manifesto,14.76,Add a comment
The Bhagavad Gita,57.49,Religion
The Bette Davis Club,30.66,Fiction
The Art of Not Breathing,40.83,Young Adult
Taking Shots (Assassins #1),18.88,Default
Starlark,25.83,Historical Fiction
"Skip Beat!, Vol. 01 (Skip Beat! #1)",42.12,Sequential Art
Sister Sable (The Mad Queen #1),13.33,Fantasy
Shatter Me (Shatter Me #1),42.4,Default
Shameless,58.35,New Adult
Shadow Rites (Jane Yellowrock #10),21.72,Fantasy
Settling the Score (The Summer Games #1),44.91,Sports and Games
Sense and Sensibility,37.46,Classics
"Saga, Volume 1 (Saga (Collected Editions) #1)",28.48,Sequential Art
"Rhythm, Chord & Malykhin",28.34,Romance
"Rat Queens, Vol. 1: Sass & Sorcery (Rat Queens (Collected Editions) #1-5)",46.96,Sequential Art
Paradise Lost (Paradise #1),24.96,Default
"Paper Girls, Vol. 1 (Paper Girls #1-5)",21.71,Sequential Art
"Ouran High School Host Club, Vol. 1 (Ouran High School Host Club #1)",29.87,Sequential Art
Origins (Alphas 0.5),28.99,Fantasy
One Second (Seven #7),52.94,Fantasy
On the Road (Duluoz Legend),32.36,Default
Old Records Never Die: One Man's Quest for His Vinyl and His Past,55.66,Music
Off Sides (Off #1),39.45,New Adult
Of Mice and Men,47.11,Classics
Myriad (Prentor #1),58.75,Fantasy
My Perfect Mistake (Over the Top #1),38.92,Romance
"Ms. Marvel, Vol. 1: No Normal (Ms. Marvel (2014-2015) #1)",39.39,Sequential Art
Meditations,25.89,Philosophy
Matilda,28.34,Childrens
Lost Among the Living,27.7,Historical Fiction
Lord of the Flies,24.89,Add a comment
Listen to Me (Fusion #1),58.99,Romance
Kitchens of the Great Midwest,57.2,Fiction
Jane Eyre,38.43,Default
Imperfect Harmony,34.74,Romance
Icing (Aces Hockey #2),40.44,Sports and Games
"Hawkeye, Vol. 1: My Life as a Weapon (Hawkeye #1)",45.24,Sequential Art
Having the Barbarian's Baby (Ice Planet Barbarians #7.5),34.96,Science Fiction
"Giant Days, Vol. 1 (Giant Days #1-4)",56.76,Sequential Art
"Fruits Basket, Vol. 1 (Fruits Basket #1)",40.28,Sequential Art
Frankenstein,38,Default
Forever Rockers (The Rocker #12),28.8,Music
Fighting Fate (Fighting #6),39.24,Romance
Emma,32.93,Classics
"Eat, Pray, Love",51.32,Nonfiction
Deep Under (Walker Security #1),47.09,Romance
Choosing Our Religion: The Spiritual Lives of America's Nones,28.42,Religion
Charlie and the Chocolate Factory (Charlie Bucket #1),22.85,Childrens
Charity's Cross (Charles Towne Belles #4),41.24,Romance
Bright Lines,39.07,Fiction
Bridget Jones's Diary (Bridget Jones #1),29.82,Womens Fiction
Bounty (Colorado Mountain #7),37.26,Romance
Blood Defense (Samantha Brinkman #1),20.3,Mystery
"Bleach, Vol. 1: Strawberry and the Soul Reapers (Bleach #1)",34.65,Sequential Art
Beyond Good and Evil,43.38,Philosophy
Alice in Wonderland (Alice's Adventures in Wonderland #1),55.53,Classics
"Ajin: Demi-Human, Volume 1 (Ajin: Demi-Human #1)",57.06,Sequential Art
A Spy's Devotion (The Regency Spies of London #1),16.97,Historical Fiction
1st to Die (Women's Murder Club #1),53.98,Mystery
"1,000 Places to See Before You Die",26.08,Travel
